{"cameraMode":{"drawMode":0,"name":"Shaded","section":"Shading Mode"},"sceneLighting":true,"audioPlay":false,"sceneViewState":{"showFog":false,"showMaterialUpdate":false,"showSkybox":false,"showFlares":false,"showImageEffects":false,"showParticleSystems":false},"in2DMode":false,"pivot":{"x":96.19999694824219,"y":22.559999465942384,"z":157.64999389648438},"rotation":{"x":-0.2979922890663147,"y":0.4269205331802368,"z":-0.15140634775161744,"w":-0.8402485251426697},"size":5.3425164222717289,"orthographic":false}