{"cameraMode":{"drawMode":0,"name":"Shaded","section":"Shading Mode"},"sceneLighting":true,"audioPlay":false,"sceneViewState":{"showFog":false,"showMaterialUpdate":false,"showSkybox":false,"showFlares":false,"showImageEffects":false,"showParticleSystems":false},"in2DMode":false,"pivot":{"x":-5.050319671630859,"y":-34.33870315551758,"z":46.38127899169922},"rotation":{"x":-0.2476329803466797,"y":-0.06476108729839325,"z":0.01659218594431877,"w":-0.966545045375824},"size":91.07331848144531,"orthographic":false}